insert into guests 
values(1,"Mack Simmer", "379 Old Shore Street","Council Bluffs","IA",	51501,	"(291) 553-0508"),
(2,"Bettyann Seery",	"750 Wintergreen Dr.",	"Wasilla",	"AK",	99654,	"(478) 277-9632"),
(3,"Duane Cullison",	"9662 Foxrun Lane",	"Harlingen",	"TX",	78552,	"(308) 494-0198"),
(4,"Karie Yang",	"9378 W. Augusta Ave.",	"West Deptford",	"NJ",	08096,	"(214) 730-0298"),
(5,"Aurore Lipton",	"762 Wild Rose Street",	"Saginaw",	"MI",	48601,	"(377) 507-0974"),
(6,"Zachery Luechtefeld",	"7 Poplar Dr.",	"Arvada",	"CO",	80003,	"(814) 485-2615"),
(7,"Jeremiah Pendergrass",	"70 Oakwood St.",	"Zion",	"IL",	60099,	"(279) 491-0960"),
(8,"Walter Holaway",	"7556 Arrowhead St.",	"Cumberland",	"RI",	02864,	"(446) 396-6785"),
(9,"Wilfred Vise",	"77 West Surrey Street",	"Oswego",	"NY",	13126,	"(834) 727-1001"),
(10,"Maritza Tilton",	"939 Linda Rd.",	"Burke",	"VA",	22015,	"(446) 351-6860"),
(11,"Joleen Tison",	"87 Queen St.",	"Drexel Hill",	"PA",	19026,	"(231) 893-2755"),
(12, "Prisca", "907 Prisca Street", "London", "LD", 34525, "(234) 856-2465"),
(13, "Ellie", "74 Ellie Street", "London", "LD", 24562, "(234) 884-6595"),
(14, "Rosie", "478 Rpsie Street", "London", "LD", 90210, "(236) 782-7283"),
(15, "Shifahu", "112 Shifahu Street", "London", "LD", 78780, "(258) 578-9967"),
(16, "Hodan", "60 Hodan Street", "London", "LD", 90821, "(956) 557-3636");

INSERT INTO room_type
    values(1, "Double", 2, 4, 174.99, 10),
    (2, "Single", 2, 2, 149.99, NULL),
    (3, "Suite", 3, 8, 399.99, 20);

insert into guest_res(guest_res_Id, guest_Id, adults, children)
values(100, 1, 1, 0),
(101, 2, 2, 1),
(103, 3, 2, 0),
(104, 4, 2, 2),
(105, 12, 1, 1),
(106, 5, 3, 0),
(107, 6, 2, 2),
(108, 7, 2, 0),
(109, 8, 1, 0),
(110, 9, 1, 1),
(111, 10, 2, 4),
(112, 11, 2, 0),
(113, 11, 1, 0),
(114, 5, 3, 0),
(115, 13, 2, 0),
(116, 8, 3, 1),
(117, 9, 4, 2),
(118, 2, 2, 1),
(119, 2, 1, 0),
(120, 1, 2, 0),
(121, 4, 2, 2),
(122, 3, 2, 2),
(123, 1, 2, 0),
(124, 1, 2, 2),
(125, 10, 2, 0);

insert into amenity(amenities_id, amenities_name)
values(101, "Microwave"),
(102, "Jacuzzi"),
(103, "Refrigerator"),
(104, "Oven");

INSERT INTO room
values(201,	1,	"No"),
(202,	1,	"Yes"),
(203,	1,	"No"),
(204,	1,	"Yes"),
(205,	2,	"No"),
(206,	2,	"Yes"),
(207,	2,	"No"),
(208,	2,	"Yes"),
(301,	1,	"No"),
(302,	1,	"Yes"),
(303,	1,	"No"),
(304,	1,	"Yes"),
(305,	2,	"No"),
(306,	2,	"Yes"),
(307,	2,	"No"),
(308,	2,	"Yes"),
(401,	3,	"Yes"),
(402,	3,	"Yes");

INSERT INTO reservation_details (reservation_id, start_date, end_date, room_num, total_cost)
VALUES
(200, '2023-02-02', '2023-02-04', 308, 299.98),
(201, '2023-02-05', '2023-02-10', 203, 999.95),
(202, '2023-02-22', '2023-02-24', 305, 349.98),
(203, '2023-03-06', '2023-03-07', 201, 199.99),
(204, '2023-03-17', '2023-03-20', 307, 524.97),
(205, '2023-03-18', '2023-03-23', 302, 924.95),
(206, '2023-03-29', '2023-03-31', 202, 349.98),
(207, '2023-03-31', '2023-04-05', 304, 874.95),
(208, '2023-04-09', '2023-04-13', 301, 799.96),
(209, '2023-04-23', '2023-04-24', 207, 174.99),
(210, '2023-05-30', '2023-06-02', 401, 1199.97),
(211, '2023-06-10', '2023-06-14', 206, 599.96),
(212, '2023-06-10', '2023-06-14', 208, 599.96),
(213, '2023-06-17', '2023-06-18', 304, 184.99),
(214, '2023-06-28', '2023-07-02', 205, 699.96),
(215, '2023-07-13', '2023-07-14', 204, 184.99),
(216, '2023-07-18', '2023-07-21', 401, 1259.97),
(217, '2023-07-28', '2023-07-29', 303, 199.99),
(218, '2023-08-30', '2023-09-01', 305, 349.98),
(219, '2023-09-16', '2023-09-17', 208, 149.99),
(220, '2023-09-13', '2023-09-15', 203, 399.98),
(221, '2023-11-22', '2023-11-25', 401, 1199.97),
(222, '2023-11-22', '2023-11-25', 206, 449.97),
(223, '2023-11-22', '2023-11-25', 301, 599.97),
(224, '2023-12-24', '2023-12-28', 302, 699.96);

insert into room_amenity(room_num, amenities_Id)
values(201, 101),
(201, 102),
(202, 103),
(203, 101),
(203, 102),
(204, 103),
(205, 101),
(205, 103),
(205, 102),
(206, 101),
(206, 103),
(207, 101),
(207,103),
(207, 102),
(208, 101),
(208, 103),
(301, 101),
(301, 102),
(302, 103),
(303,101),
(303, 102),
(304, 103),
(305, 101),
(305, 103),
(305, 102),
(306, 103),
(306, 101),
(307, 101),
(307, 103),
(308, 101),
(308, 103),
(401, 101),
(401, 103),
(401, 104),
(402, 101),
(402, 103),
(402, 104);

insert into final_res(guest_res_Id, reservation_Id)
values(100, 200 ),
(101, 201),
(103, 202),
(104, 203),
(105, 204),
(106, 205),
(107, 206),
(108, 207),
(109, 208),
(110, 209),
(111, 210),
(112, 211),
(113, 212),
(114, 213),
(115, 214),
(116, 215),
(117, 216),
(118, 217),
(119, 218),
(120, 219),
(121, 220),
(122, 221),
(123, 222),
(124, 223),
(125, 224);